"Control","Pass",,"'line': 100"
,,,,,
,,,,,"First events method with bias correction"
,,,,,"Using snewpy models:  water in SK (with smearing/threshold), and scint in others"
,,,,,"sigma fudge set to new value of 1.2"
,,,,,"add histogram of 1sigma, 90% and 95% CL areas in deg2"
,,,,,"define more environment variables"
,,,,,"remove true_lag from FirstEventDiff; use true times instead"
,,,,,"also plot uncorrected skymaps and targetCL"
,,,,,"unify yield and distance jobs; fine binning in bias plots to run 100k trials"
,,,,,
,,,,,"Environment variables:"
,,,,,"  TAG = fe5 etc"
,,,,,"  MODEL = SN model, e.g., s27 or s11"
,,,,,"  SPECIES = neutrino species, e.g., nu_e, nu_x, nubar_e, nubar_x, or channel"
,,,,,"  CHANNEL = ibd or nc"
,,,,,"  RA = -60.0"
,,,,,"  DEC = -30.0"
,,,,,"  PIXEL8 = 749 find using hp.ang2pix(8, ra, dec, nest=True, lonlat=True)"
,,,,,"  PIXEL16 = 2997 find using hp.ang2pix(16, ra, dec, nest=True, lonlat=True)"
,,,,,"  YIELD_SK = 7800"
,,,,,"  YIELD_SNOPLUS = 280"
,,,,,"  YIELD_JUNO = 7200"
,,,,,"  YIELD_LVD = 360"
,,,,,"  DISTANCE = 10"
,,,,,"    Yield numbers above are for s27.0co.  For s11.2c, 4000, 150, 3800, 190"
,,,,,
"SN-times","gen.TrueTimes","Control","'detector_location':'snewpdag/data/detector_location.csv', 'detectors': ['SNOP','SK','LVD','JUNO'], 'ra':$RA, 'dec':$DEC, 'time':'2021-11-01 05:22:36.328'"
"SN","Write","SN-times","'on':['alert','report'],'write':(('png_pattern','output/$TAG-$MODEL-$SPECIES-y$YIELD_SK-y$YIELD_SNOPLUS-y$YIELD_JUNO-y$YIELD_LVD-d$DISTANCE-{}-{}-{}.png'),('py_pattern','output/$TAG-$MODEL-$SPECIES-y$YIELD_SK-y$YIELD_SNOPLUS-y$YIELD_JUNO-y$YIELD_LVD-d$DISTANCE-{}-{}-{}.py'),('fits_pattern','output/$TAG-$MODEL-$SPECIES-y$YIELD_SK-y$YIELD_SNOPLUS-y$YIELD_JUNO-y$YIELD_LVD-d$DISTANCE-{}-{}-{}.fits'),('coincident_detectors',['SNOP','SK','LVD','JUNO']),)"
"SN-out","Pass","SN","'line':100, 'dump':0"
,,,,,
"SK-new","ops.NewTimeSeries","SN","'out_field':'timeseries1','start':'2021-11-01 05:22:34'"
"SK-signal","gen.GenTimeDist","SK-new","'field':'timeseries1','sig_mean':$YIELD_SK,'sig_distance':$DISTANCE,'sig_t0':('truth','dets','SK','true_t'),'sig_filetype':'tn','sig_delimiter':',','sig_filename':'/home/tseng/dev/snews/numodels/Bollig_2016/$CHANNEL-$MODEL-nmo-wc.data'"
"SK-data","Write","SK-signal","'on':['alert'],'write':(('detector','SK'),)"
,,,,,
"SNOP-new","ops.NewTimeSeries","SK-data","'out_field':'timeseries2','start':'2021-11-01 05:22:34'"
"SNOP-signal","gen.GenTimeDist","SNOP-new","'field':'timeseries2','sig_mean':$YIELD_SNOPLUS,'sig_distance':$DISTANCE,'sig_t0':('truth','dets','SNOP','true_t'),'sig_filetype':'tn','sig_delimiter':',','sig_filename':'/home/tseng/dev/snews/numodels/Bollig_2016/$CHANNEL-$MODEL-nmo-scint.data'"
"SNOP-data","Write","SNOP-signal","'on':['alert'],'write':(('detector','SNOP'),)"
,,,,,
"JUNO-new","ops.NewTimeSeries","SNOP-data","'out_field':'timeseries3','start':'2021-11-01 05:22:34'"
"JUNO-signal","gen.GenTimeDist","JUNO-new","'field':'timeseries3','sig_mean':$YIELD_JUNO,'sig_distance':$DISTANCE,'sig_t0':('truth','dets','JUNO','true_t'),'sig_filetype':'tn','sig_delimiter':',','sig_filename':'/home/tseng/dev/snews/numodels/Bollig_2016/$CHANNEL-$MODEL-nmo-scint.data'"
"JUNO-data","Write","JUNO-signal","'on':['alert'],'write':(('detector','JUNO'),)"
,,,,,
"LVD-new","ops.NewTimeSeries","JUNO-data","'out_field':'timeseries4','start':'2021-11-01 05:22:34'"
"LVD-signal","gen.GenTimeDist","LVD-new","'field':'timeseries4','sig_mean':$YIELD_LVD,'sig_distance':$DISTANCE,'sig_t0':('truth','dets','LVD','true_t'),'sig_filetype':'tn','sig_delimiter':',','sig_filename':'/home/tseng/dev/snews/numodels/Bollig_2016/$CHANNEL-$MODEL-nmo-scint.data'"
"LVD-data","Write","LVD-signal","'on':['alert'],'write':(('detector','LVD'),)"
,,,,,
"diff1","FirstEventDiff","LVD-data","'in_series1_field':'timeseries1','in_series2_field':'timeseries2','out_field':'dts','out_key':('SK','SNOP'),'sigma_fudge':1.2,'true_t1':('truth','dets','SK','true_t'),'true_t2':('truth','dets','SNOP','true_t')"
"diff2","FirstEventDiff","LVD-data","'in_series1_field':'timeseries1','in_series2_field':'timeseries3','out_field':'dts','out_key':('SK','JUNO'),'sigma_fudge':1.2,'true_t1':('truth','dets','SK','true_t'),'true_t2':('truth','dets','JUNO','true_t')"
"diff3","FirstEventDiff","LVD-data","'in_series1_field':'timeseries1','in_series2_field':'timeseries4','out_field':'dts','out_key':('SK','LVD'),'sigma_fudge':1.2,'true_t1':('truth','dets','SK','true_t'),'true_t2':('truth','dets','LVD','true_t')"
"diff4","FirstEventDiff","LVD-data","'in_series1_field':'timeseries3','in_series2_field':'timeseries2','out_field':'dts','out_key':('JUNO','SNOP'),'sigma_fudge':1.2,'true_t1':('truth','dets','JUNO','true_t'),'true_t2':('truth','dets','SNOP','true_t')"
"diff5","FirstEventDiff","LVD-data","'in_series1_field':'timeseries3','in_series2_field':'timeseries4','out_field':'dts','out_key':('JUNO','LVD'),'sigma_fudge':1.2,'true_t1':('truth','dets','JUNO','true_t'),'true_t2':('truth','dets','LVD','true_t')"
"diff6","FirstEventDiff","LVD-data","'in_series1_field':'timeseries4','in_series2_field':'timeseries2','out_field':'dts','out_key':('LVD','SNOP'),'sigma_fudge':1.2,'true_t1':('truth','dets','LVD','true_t'),'true_t2':('truth','dets','SNOP','true_t')"
,,,,,
"delta1-acc","ops.FillHist1D","diff1","'nbins':1000,'xlow':-0.1,'xhigh':0.1,'in_field':('dts',('SK','SNOP'),'delta'),'out_field':'delta1_hist'"
"delta1-render","renderers.Hist1D","delta1-acc","'on':['report'],'in_field':'delta1_hist','title':'dts event difference (SK-SNOP)','xlabel':'sec','ylabel':'entries','filename':'[png_pattern]','scriptname':'[py_pattern]'"
"exp1-acc","ops.FillHist1D","diff1","'nbins':1000,'xlow':-0.1,'xhigh':0.1,'in_field':('dts',('SK','SNOP'),'exp_delta'),'out_field':'exp1_hist'"
"exp1-render","renderers.Hist1D","exp1-acc","'on':['report'],'in_field':'exp1_hist','title':'expected bias (SK-SNOP)','xlabel':'sec','ylabel':'entries','filename':'[png_pattern]','scriptname':'[py_pattern]'"
"dev1-acc","ops.FillHist1D","diff1","'nbins':1000,'xlow':-0.1,'xhigh':0.1,'in_field':('dts',('SK','SNOP'),'dt'),'out_field':'dev1_hist'"
"dev1-render","renderers.Hist1D","dev1-acc","'on':['report'],'in_field':'dev1_hist','title':'difference - expected bias (SK-SNOP)','xlabel':'sec','ylabel':'entries','filename':'[png_pattern]','scriptname':'[py_pattern]'"
"sigma1-acc","ops.FillHist1D","diff1","'nbins':1000,'xlow':0.0,'xhigh':0.1,'in_field':('dts',('SK','SNOP'),'rms'),'out_field':'sigma1_hist'"
"sigma1-render","renderers.Hist1D","sigma1-acc","'on':['report'],'in_field':'sigma1_hist','title':'difference - expected uncertainty (SK-SNOP)','xlabel':'sec','ylabel':'entries','filename':'[png_pattern]','scriptname':'[py_pattern]'"
"pull1-acc","ops.FillHist1D","diff1","'nbins':1000,'xlow':-10,'xhigh':10,'in_field':('dts',('SK','SNOP'),'pull_fudge'),'out_field':'pull1_hist'"
"pull1-render","renderers.Hist1D","pull1-acc","'on':['report'],'in_field':'pull1_hist','title':'pull_fudge (SK-SNOP)','xlabel':'sigmas','ylabel':'entries','filename':'[png_pattern]','scriptname':'[py_pattern]'"
"dtt1-acc","ops.FillHist1D","diff1","'nbins':1000,'xlow':-0.1,'xhigh':0.1,'in_field':('dts',('SK','SNOP'),'dt_true'),'out_field':'dtt1_hist'"
"dtt1-render","renderers.Hist1D","dtt1-acc","'on':['report'],'in_field':'dtt1_hist','title':'lag - true (SK-SNOP)','xlabel':'sec','ylabel':'entries','filename':'[png_pattern]','scriptname':'[py_pattern]'"
"dtf1-acc","ops.FillHist1D","diff1","'nbins':1000,'xlow':-0.1,'xhigh':0.1,'in_field':('dts',('SK','SNOP'),'dtf_true'),'out_field':'dtf1_hist'"
"dtf1-render","renderers.Hist1D","dtf1-acc","'on':['report'],'in_field':'dtf1_hist','title':'lag - true (SK-SNOP)','xlabel':'sec','ylabel':'entries','filename':'[png_pattern]','scriptname':'[py_pattern]'"
"dev1-series","Accumulator","diff1","'title':'debiased difference','in_field':('dts',('SK','SNOP'),'dt'),'out_field':'dev1_series','alert_pass':True,'clear_on':[]"
"sigma1-series","Accumulator","dev1-series","'title':'sigma','in_field':('dts',('SK','SNOP'),'rms'),'out_field':'sigma1_series','alert_pass':True,'clear_on':[]"
"pull1-series","Accumulator","sigma1-series","'title':'pull','in_field':('dts',('SK','SNOP'),'pull'),'out_field':'pull1_series','alert_pass':True,'clear_on':[]"
"delta1-series","Accumulator","pull1-series","'title':'delta','in_field':('dts',('SK','SNOP'),'delta'),'out_field':'delta1_series','alert_pass':True,'clear_on':[]"
"delta-sigma-scatter1","renderers.ScatterPlot","delta1-series","'title':'raw difference vs estimated uncertainty (SK-SNOP)','xlabel':'raw difference','ylabel':'estimated uncertainty','filename':'[png_pattern]','x_in_field':'delta1_series','x_in_field2':'series','y_in_field':'sigma1_series','y_in_field2':'series'"
"dev-sigma-scatter1","renderers.ScatterPlot","sigma1-series","'title':'debiased difference vs estimated uncertainty (SK-SNOP)','xlabel':'debiased difference','ylabel':'estimated uncertainty','filename':'[png_pattern]','x_in_field':'dev1_series','x_in_field2':'series','y_in_field':'sigma1_series','y_in_field2':'series'"
,,,,,"dev-sigma-json1","renderers.JsonOutput","sigma1-series","'fields':('dev1_series','sigma_series'),'filename':'json.out','on':['report']"
,,,,,"dev-sigma-out1","Pass","dev-sigma-json1","'line':1,'dump':1"
"pull-sigma-scatter1","renderers.ScatterPlot","pull1-series","'title':'debiased difference pull vs estimated uncertainty (SK-SNOP)','xlabel':'debiased difference pull','ylabel':'estimated uncertainty','filename':'[png_pattern]','x_in_field':'pull1_series','x_in_field2':'series','y_in_field':'sigma1_series','y_in_field2':'series'"
,,,,,
"delta2-acc","ops.FillHist1D","diff2","'nbins':1000,'xlow':-0.1,'xhigh':0.1,'in_field':('dts',('SK','JUNO'),'delta'),'out_field':'delta2_hist'"
"delta2-render","renderers.Hist1D","delta2-acc","'on':['report'],'in_field':'delta2_hist','title':'first event difference (SK-JUNO)','xlabel':'sec','ylabel':'entries','filename':'[png_pattern]','scriptname':'[py_pattern]'"
"exp2-acc","ops.FillHist1D","diff2","'nbins':1000,'xlow':-0.1,'xhigh':0.1,'in_field':('dts',('SK','JUNO'),'exp_delta'),'out_field':'exp2_hist'"
"exp2-render","renderers.Hist1D","exp2-acc","'on':['report'],'in_field':'exp2_hist','title':'expected bias (SK-JUNO)','xlabel':'sec','ylabel':'entries','filename':'[png_pattern]','scriptname':'[py_pattern]'"
"dev2-acc","ops.FillHist1D","diff2","'nbins':1000,'xlow':-0.1,'xhigh':0.1,'in_field':('dts',('SK','JUNO'),'dt'),'out_field':'dev2_hist'"
"dev2-render","renderers.Hist1D","dev2-acc","'on':['report'],'in_field':'dev2_hist','title':'difference - expected bias (SK-JUNO)','xlabel':'sec','ylabel':'entries','filename':'[png_pattern]','scriptname':'[py_pattern]'"
"sigma2-acc","ops.FillHist1D","diff2","'nbins':1000,'xlow':0.0,'xhigh':0.1,'in_field':('dts',('SK','JUNO'),'rms'),'out_field':'sigma2_hist'"
"sigma2-render","renderers.Hist1D","sigma2-acc","'on':['report'],'in_field':'sigma2_hist','title':'difference - expected uncertainty (SK-JUNO)','xlabel':'sec','ylabel':'entries','filename':'[png_pattern]','scriptname':'[py_pattern]'"
"pull2-acc","ops.FillHist1D","diff2","'nbins':1000,'xlow':-10,'xhigh':10,'in_field':('dts',('SK','JUNO'),'pull_fudge'),'out_field':'pull2_hist'"
"pull2-render","renderers.Hist1D","pull2-acc","'on':['report'],'in_field':'pull2_hist','title':'pull_fudge (SK-JUNO)','xlabel':'sigmas','ylabel':'entries','filename':'[png_pattern]','scriptname':'[py_pattern]'"
"dtt2-acc","ops.FillHist1D","diff2","'nbins':1000,'xlow':-0.1,'xhigh':0.1,'in_field':('dts',('SK','JUNO'),'dt_true'),'out_field':'dtt2_hist'"
"dtt2-render","renderers.Hist1D","dtt2-acc","'on':['report'],'in_field':'dtt2_hist','title':'lag - true (SK-JUNO)','xlabel':'sec','ylabel':'entries','filename':'[png_pattern]','scriptname':'[py_pattern]'"
"dtf2-acc","ops.FillHist1D","diff2","'nbins':1000,'xlow':-0.1,'xhigh':0.1,'in_field':('dts',('SK','JUNO'),'dtf_true'),'out_field':'dtf2_hist'"
"dtf2-render","renderers.Hist1D","dtf2-acc","'on':['report'],'in_field':'dtf2_hist','title':'lag - true (SK-JUNO)','xlabel':'sec','ylabel':'entries','filename':'[png_pattern]','scriptname':'[py_pattern]'"
"dev2-series","Accumulator","diff2","'title':'debiased difference','in_field':('dts',('SK','JUNO'),'dt'),'out_field':'dev2_series','alert_pass':True,'clear_on':[]"
"sigma2-series","Accumulator","dev2-series","'title':'sigma','in_field':('dts',('SK','JUNO'),'rms'),'out_field':'sigma2_series','alert_pass':True,'clear_on':[]"
"pull2-series","Accumulator","sigma2-series","'title':'pull','in_field':('dts',('SK','JUNO'),'pull'),'out_field':'pull2_series','alert_pass':True,'clear_on':[]"
"delta2-series","Accumulator","pull2-series","'title':'delta','in_field':('dts',('SK','JUNO'),'delta'),'out_field':'delta2_series','alert_pass':True,'clear_on':[]"
"delta-sigma-scatter2","renderers.ScatterPlot","delta2-series","'title':'raw difference vs estimated uncertainty (SK-JUNO)','xlabel':'raw difference','ylabel':'estimated uncertainty','filename':'[png_pattern]','x_in_field':'delta2_series','x_in_field2':'series','y_in_field':'sigma2_series','y_in_field2':'series'"
"dev-sigma-scatter2","renderers.ScatterPlot","sigma2-series","'title':'debiased difference vs estimated uncertainty (SK-JUNO)','xlabel':'debiased difference','ylabel':'estimated uncertainty','filename':'[png_pattern]','x_in_field':'dev2_series','x_in_field2':'series','y_in_field':'sigma2_series','y_in_field2':'series'"
"pull-sigma-scatter2","renderers.ScatterPlot","pull2-series","'title':'debiased difference pull vs estimated uncertainty (SK-JUNO)','xlabel':'debiased difference pull','ylabel':'estimated uncertainty','filename':'[png_pattern]','x_in_field':'pull2_series','x_in_field2':'series','y_in_field':'sigma2_series','y_in_field2':'series'"
,,,,,
"delta3-acc","ops.FillHist1D","diff3","'nbins':1000,'xlow':-0.1,'xhigh':0.1,'in_field':('dts',('SK','LVD'),'delta'),'out_field':'delta3_hist'"
"delta3-render","renderers.Hist1D","delta3-acc","'on':['report'],'in_field':'delta3_hist','title':'first event difference (SK-LVD)','xlabel':'sec','ylabel':'entries','filename':'[png_pattern]','scriptname':'[py_pattern]'"
"exp3-acc","ops.FillHist1D","diff3","'nbins':1000,'xlow':-0.1,'xhigh':0.1,'in_field':('dts',('SK','LVD'),'exp_delta'),'out_field':'exp3_hist'"
"exp3-render","renderers.Hist1D","exp3-acc","'on':['report'],'in_field':'exp3_hist','title':'expected bias (SK-LVD)','xlabel':'sec','ylabel':'entries','filename':'[png_pattern]','scriptname':'[py_pattern]'"
"dev3-acc","ops.FillHist1D","diff3","'nbins':1000,'xlow':-0.1,'xhigh':0.1,'in_field':('dts',('SK','LVD'),'dt'),'out_field':'dev3_hist'"
"dev3-render","renderers.Hist1D","dev3-acc","'on':['report'],'in_field':'dev3_hist','title':'difference - expected bias (SK-LVD)','xlabel':'sec','ylabel':'entries','filename':'[png_pattern]','scriptname':'[py_pattern]'"
"sigma3-acc","ops.FillHist1D","diff3","'nbins':1000,'xlow':0.0,'xhigh':0.1,'in_field':('dts',('SK','LVD'),'rms'),'out_field':'sigma3_hist'"
"sigma3-render","renderers.Hist1D","sigma3-acc","'on':['report'],'in_field':'sigma3_hist','title':'difference - expected uncertainty (SK-LVD)','xlabel':'sec','ylabel':'entries','filename':'[png_pattern]','scriptname':'[py_pattern]'"
"pull3-acc","ops.FillHist1D","diff3","'nbins':1000,'xlow':-10,'xhigh':10,'in_field':('dts',('SK','LVD'),'pull_fudge'),'out_field':'pull3_hist'"
"pull3-render","renderers.Hist1D","pull3-acc","'on':['report'],'in_field':'pull3_hist','title':'pull_fudge (SK-LVD)','xlabel':'sigmas','ylabel':'entries','filename':'[png_pattern]','scriptname':'[py_pattern]'"
"dtt3-acc","ops.FillHist1D","diff3","'nbins':1000,'xlow':-0.1,'xhigh':0.1,'in_field':('dts',('SK','LVD'),'dt_true'),'out_field':'dtt3_hist'"
"dtt3-render","renderers.Hist1D","dtt3-acc","'on':['report'],'in_field':'dtt3_hist','title':'lag - true (SK-LVD)','xlabel':'sec','ylabel':'entries','filename':'[png_pattern]','scriptname':'[py_pattern]'"
"dtf3-acc","ops.FillHist1D","diff3","'nbins':1000,'xlow':-0.1,'xhigh':0.1,'in_field':('dts',('SK','LVD'),'dtf_true'),'out_field':'dtf3_hist'"
"dtf3-render","renderers.Hist1D","dtf3-acc","'on':['report'],'in_field':'dtf3_hist','title':'lag - true (SK-LVD)','xlabel':'sec','ylabel':'entries','filename':'[png_pattern]','scriptname':'[py_pattern]'"
"dev3-series","Accumulator","diff3","'title':'debiased difference','in_field':('dts',('SK','LVD'),'dt'),'out_field':'dev3_series','alert_pass':True,'clear_on':[]"
"sigma3-series","Accumulator","dev3-series","'title':'sigma','in_field':('dts',('SK','LVD'),'rms'),'out_field':'sigma3_series','alert_pass':True,'clear_on':[]"
"pull3-series","Accumulator","sigma3-series","'title':'pull','in_field':('dts',('SK','LVD'),'pull'),'out_field':'pull3_series','alert_pass':True,'clear_on':[]"
"delta3-series","Accumulator","pull3-series","'title':'delta','in_field':('dts',('SK','LVD'),'delta'),'out_field':'delta3_series','alert_pass':True,'clear_on':[]"
"delta-sigma-scatter3","renderers.ScatterPlot","delta3-series","'title':'raw difference vs estimated uncertainty (SK-LVD)','xlabel':'raw difference','ylabel':'estimated uncertainty','filename':'[png_pattern]','x_in_field':'delta3_series','x_in_field2':'series','y_in_field':'sigma3_series','y_in_field2':'series'"
"dev-sigma-scatter3","renderers.ScatterPlot","sigma3-series","'title':'debiased difference vs estimated uncertainty (SK-LVD)','xlabel':'debiased difference','ylabel':'estimated uncertainty','filename':'[png_pattern]','x_in_field':'dev3_series','x_in_field2':'series','y_in_field':'sigma3_series','y_in_field2':'series'"
"pull-sigma-scatter3","renderers.ScatterPlot","pull3-series","'title':'debiased difference pull vs estimated uncertainty (SK-LVD)','xlabel':'debiased difference pull','ylabel':'estimated uncertainty','filename':'[png_pattern]','x_in_field':'pull3_series','x_in_field2':'series','y_in_field':'sigma3_series','y_in_field2':'series'"
,,,,,
"pull4-acc","ops.FillHist1D","diff4","'nbins':1000,'xlow':-10,'xhigh':10,'in_field':('dts',('JUNO','SNOP'),'pull_fudge'),'out_field':'pull4_hist'"
"pull4-render","renderers.Hist1D","pull4-acc","'on':['report'],'in_field':'pull4_hist','title':'pull_fudge (JUNO-SNOP)','xlabel':'sigmas','ylabel':'entries','filename':'[png_pattern]','scriptname':'[py_pattern]'"
"dtt4-acc","ops.FillHist1D","diff4","'nbins':1000,'xlow':-0.1,'xhigh':0.1,'in_field':('dts',('JUNO','SNOP'),'dt_true'),'out_field':'dtt4_hist'"
"dtt4-render","renderers.Hist1D","dtt4-acc","'on':['report'],'in_field':'dtt4_hist','title':'lag - true (JUNO-SNOP)','xlabel':'sec','ylabel':'entries','filename':'[png_pattern]','scriptname':'[py_pattern]'"
"dtf4-acc","ops.FillHist1D","diff4","'nbins':1000,'xlow':-0.1,'xhigh':0.1,'in_field':('dts',('JUNO','SNOP'),'dtf_true'),'out_field':'dtf4_hist'"
"dtf4-render","renderers.Hist1D","dtf4-acc","'on':['report'],'in_field':'dtf4_hist','title':'lag - true (JUNO-SNOP)','xlabel':'sec','ylabel':'entries','filename':'[png_pattern]','scriptname':'[py_pattern]'"
"sigma4-acc","ops.FillHist1D","diff4","'nbins':1000,'xlow':0.0,'xhigh':0.1,'in_field':('dts',('JUNO','SNOP'),'rms'),'out_field':'sigma4_hist'"
"sigma4-render","renderers.Hist1D","sigma4-acc","'on':['report'],'in_field':'sigma4_hist','title':'difference - expected uncertainty (JUNO-SNOP)','xlabel':'sec','ylabel':'entries','filename':'[png_pattern]','scriptname':'[py_pattern]'"
"sigma4-series","Accumulator","diff4","'title':'sigma','in_field':('dts',('JUNO','SNOP'),'rms'),'out_field':'sigma4_series','alert_pass':True,'clear_on':[]"
"pull4-series","Accumulator","sigma4-series","'title':'pull','in_field':('dts',('JUNO','SNOP'),'pull'),'out_field':'pull4_series','alert_pass':True,'clear_on':[]"
"pull-sigma-scatter4","renderers.ScatterPlot","pull4-series","'title':'debiased difference pull vs estimated uncertainty (JUNO-SNOP)','xlabel':'debiased difference pull','ylabel':'estimated uncertainty','filename':'[png_pattern]','x_in_field':'pull4_series','x_in_field2':'series','y_in_field':'sigma4_series','y_in_field2':'series'"
,,,,,
"pull5-acc","ops.FillHist1D","diff5","'nbins':1000,'xlow':-10,'xhigh':10,'in_field':('dts',('JUNO','LVD'),'pull_fudge'),'out_field':'pull5_hist'"
"pull5-render","renderers.Hist1D","pull5-acc","'on':['report'],'in_field':'pull5_hist','title':'pull_fudge (JUNO-LVD)','xlabel':'sigmas','ylabel':'entries','filename':'[png_pattern]','scriptname':'[py_pattern]'"
"dtt5-acc","ops.FillHist1D","diff5","'nbins':1000,'xlow':-0.1,'xhigh':0.1,'in_field':('dts',('JUNO','LVD'),'dt_true'),'out_field':'dtt5_hist'"
"dtt5-render","renderers.Hist1D","dtt5-acc","'on':['report'],'in_field':'dtt5_hist','title':'lag - true (JUNO-LVD)','xlabel':'sec','ylabel':'entries','filename':'[png_pattern]','scriptname':'[py_pattern]'"
"dtf5-acc","ops.FillHist1D","diff5","'nbins':1000,'xlow':-0.1,'xhigh':0.1,'in_field':('dts',('JUNO','LVD'),'dtf_true'),'out_field':'dtf5_hist'"
"dtf5-render","renderers.Hist1D","dtf5-acc","'on':['report'],'in_field':'dtf5_hist','title':'lag - true (JUNO-LVD)','xlabel':'sec','ylabel':'entries','filename':'[png_pattern]','scriptname':'[py_pattern]'"
"sigma5-acc","ops.FillHist1D","diff5","'nbins':1000,'xlow':0.0,'xhigh':0.1,'in_field':('dts',('JUNO','LVD'),'rms'),'out_field':'sigma5_hist'"
"sigma5-render","renderers.Hist1D","sigma5-acc","'on':['report'],'in_field':'sigma5_hist','title':'difference - expected uncertainty (JUNO-LVD)','xlabel':'sec','ylabel':'entries','filename':'[png_pattern]','scriptname':'[py_pattern]'"
"sigma5-series","Accumulator","diff5","'title':'sigma','in_field':('dts',('JUNO','LVD'),'rms'),'out_field':'sigma5_series','alert_pass':True,'clear_on':[]"
"pull5-series","Accumulator","sigma5-series","'title':'pull','in_field':('dts',('JUNO','LVD'),'pull'),'out_field':'pull5_series','alert_pass':True,'clear_on':[]"
"pull-sigma-scatter5","renderers.ScatterPlot","pull5-series","'title':'debiased difference pull vs estimated uncertainty (JUNO-LVD)','xlabel':'debiased difference pull','ylabel':'estimated uncertainty','filename':'[png_pattern]','x_in_field':'pull5_series','x_in_field2':'series','y_in_field':'sigma5_series','y_in_field2':'series'"
,,,,,
"pull6-acc","ops.FillHist1D","diff6","'nbins':1000,'xlow':-10,'xhigh':10,'in_field':('dts',('LVD','SNOP'),'pull_fudge'),'out_field':'pull6_hist'"
"pull6-render","renderers.Hist1D","pull6-acc","'on':['report'],'in_field':'pull6_hist','title':'pull_fudge (LVD-SNOP)','xlabel':'sigmas','ylabel':'entries','filename':'[png_pattern]','scriptname':'[py_pattern]'"
"dtt6-acc","ops.FillHist1D","diff6","'nbins':1000,'xlow':-0.1,'xhigh':0.1,'in_field':('dts',('LVD','SNOP'),'dt_true'),'out_field':'dtt6_hist'"
"dtt6-render","renderers.Hist1D","dtt6-acc","'on':['report'],'in_field':'dtt6_hist','title':'lag - true (LVD-SNOP)','xlabel':'sec','ylabel':'entries','filename':'[png_pattern]','scriptname':'[py_pattern]'"
"dtf6-acc","ops.FillHist1D","diff6","'nbins':1000,'xlow':-0.1,'xhigh':0.1,'in_field':('dts',('LVD','SNOP'),'dtf_true'),'out_field':'dtf6_hist'"
"dtf6-render","renderers.Hist1D","dtf6-acc","'on':['report'],'in_field':'dtf6_hist','title':'lag - true (LVD-SNOP)','xlabel':'sec','ylabel':'entries','filename':'[png_pattern]','scriptname':'[py_pattern]'"
"sigma6-acc","ops.FillHist1D","diff6","'nbins':1000,'xlow':0.0,'xhigh':0.1,'in_field':('dts',('LVD','SNOP'),'rms'),'out_field':'sigma6_hist'"
"sigma6-render","renderers.Hist1D","sigma6-acc","'on':['report'],'in_field':'sigma6_hist','title':'difference - expected uncertainty (LVD-SNOP)','xlabel':'sec','ylabel':'entries','filename':'[png_pattern]','scriptname':'[py_pattern]'"
"sigma6-series","Accumulator","diff6","'title':'sigma','in_field':('dts',('LVD','SNOP'),'rms'),'out_field':'sigma6_series','alert_pass':True,'clear_on':[]"
"pull6-series","Accumulator","sigma6-series","'title':'pull','in_field':('dts',('LVD','SNOP'),'pull'),'out_field':'pull6_series','alert_pass':True,'clear_on':[]"
"pull-sigma-scatter6","renderers.ScatterPlot","pull6-series","'title':'debiased difference pull vs estimated uncertainty (LVD-SNOP)','xlabel':'debiased difference pull','ylabel':'estimated uncertainty','filename':'[png_pattern]','x_in_field':'pull6_series','x_in_field2':'series','y_in_field':'sigma6_series','y_in_field2':'series'"
,,,,,
,,,,,"pointing with nside=8"
,,,,,
"point","DiffPointing","diff1,diff2,diff3","'detector_location':'snewpdag/data/detector_location.csv','nside':8,'min_dts':3"
"Count","HistogramSkymap","point","'nside':8, 'in_field':'map_zeroes', 'out_field':'hist', 'out_err_field':'histerr'"
"Count-out","Pass","Count","'line':1, 'dump':1"
"skymap","renderers.Mollview","Count","'on':['report'], 'in_field':'hist', 'title':'DiffPointing min chi2 counts', 'units':'Counts', 'range':(0,), 'coord':['C'], 'filename':'[png_pattern]', 'scriptname':'[py_pattern]'"
"probhist","Chi2Prob","point","'in_field':'map', 'in_ndof_field':'ndof', 'out_field':'probhist'"
"probhist-acc","AccHistogram","probhist","'in_field':'probhist','out_field':'probsum'"
"probhist-render","renderers.Mollview","probhist-acc","'on':['report'],'in_field':'probsum','title':'Weighted MC trials','units':'weights','range':(0,),'coord':['C'],'filename':'[png_pattern]','scriptname':'[py_pattern]'"
,,,,,"fits","renderers.FitsSkymap","Count","'in_field':'clmap', 'filename':'[fits_pattern]'"
"point-CL","Chi2CL","point","'in_field':'map', 'in_ndof_field':'ndof', 'out_field':'clmap', 'out_area_field':'areas'"
"targetCL","ops.FillHist1D","point-CL","'in_field':('clmap',$PIXEL8), 'out_field':'histcl','nbins':100,'xlow':0.0,'xhigh':1.0"
"targetCL-render","renderers.Hist1D","targetCL","'on':['report'],'in_field':'histcl','title':'Pixel $PIXEL8 CL','xlabel':'CL','ylabel':'entries','filename':'[png_pattern]','scriptname':'[py_pattern]'"
"area1sigma","ops.FillHist1D","point-CL","'in_field':('areas','1sigma'), 'out_field':'area1sigma', 'nbins':100, 'xlow':0.0, 'xhigh':20000.0"
"area1sigma-render","renderers.Hist1D","area1sigma","'on':['report'],'in_field':'area1sigma','title':'1sigma area','xlabel':'area (deg2)','ylabel':'entries','filename':'[png_pattern]','scriptname':'[py_pattern]'"
"area90cl","ops.FillHist1D","point-CL","'in_field':('areas','90cl'), 'out_field':'area90cl', 'nbins':100, 'xlow':0.0, 'xhigh':20000.0"
"area90cl-render","renderers.Hist1D","area90cl","'on':['report'],'in_field':'area90cl','title':'90cl area','xlabel':'area (deg2)','ylabel':'entries','filename':'[png_pattern]','scriptname':'[py_pattern]'"
"area95cl","ops.FillHist1D","point-CL","'in_field':('areas','95cl'), 'out_field':'area95cl', 'nbins':100, 'xlow':0.0, 'xhigh':20000.0"
"area95cl-render","renderers.Hist1D","area95cl","'on':['report'],'in_field':'area95cl','title':'95cl area','xlabel':'area (deg2)','ylabel':'entries','filename':'[png_pattern]','scriptname':'[py_pattern]'"
,,,,,
,,,,,"sample time distributions for SK"
,,,,,
"filter-td","FilterValue","SK-signal","'in_field':'trial_id','op':'<','value':5"
"SK-hist","ops.TimeSeriesToHist1D","filter-td","'in_field':'timeseries1','out_field':'timeserieshist1','start':'2021-11-01 05:22:36','stop':'2021-11-01 05:22:37','nbins':100"
"SK-render","renderers.Hist1D","SK-hist","'on':['alert'],'in_field':'timeserieshist1','title':'$MODEL $SPECIES SK','xlabel':'t [s]','ylabel':'entries/10ms','filename':'[png_pattern]','scriptname':'[py_pattern]'"
,,,,,
,,,,,"sample skymaps from first five trials"
,,,,,
"filter","FilterValue","point","'in_field':'trial_id','op':'<','value':5"
"prob","Chi2Prob","filter","'in_field':'map', 'in_ndof_field':'ndof', 'out_field':'probmap'"
,,,,,"prob-out","Pass","prob","'line':1, 'dump':1"
"probmap","renderers.Mollview","prob","'in_field':'probmap', 'title':'DiffPointing', 'units':'probability', 'coord':['C'], 'filename':'[png_pattern]', 'scriptname':'[py_pattern]'"
"fits","renderers.FitsSkymap","prob","'in_field':'probmap', 'filename':'[fits_pattern]'"
"conf","Chi2CL","filter","'in_field':'map', 'in_ndof_field':'ndof', 'out_field':'clmap'"
,,,,,"conf-out","Pass","conf","'line':1, 'dump':1"
"confmap","renderers.Mollview","conf","'in_field':'clmap', 'title':'DiffPointing', 'units':'CL', 'range':(0,1), 'coord':['C'], 'filename':'[png_pattern]', 'scriptname':'[py_pattern]'"
"conffits","renderers.FitsSkymap","conf","'in_field':'clmap', 'filename':'[fits_pattern]'"
,,,,,
,,,,,"pointing with nside=16"
,,,,,
"point2","DiffPointing","diff1,diff2,diff3","'detector_location':'snewpdag/data/detector_location.csv','nside':16,'min_dts':3"
"Count2","HistogramSkymap","point2","'nside':16, 'in_field':'map_zeroes', 'out_field':'hist', 'out_err_field':'histerr'"
"skymap2","renderers.Mollview","Count2","'on':['report'], 'in_field':'hist', 'title':'DiffPointing min chi2 counts', 'units':'Counts', 'range':(0,), 'coord':['C'], 'filename':'[png_pattern]', 'scriptname':'[py_pattern]'"
"probhist2","Chi2Prob","point2","'in_field':'map', 'in_ndof_field':'ndof', 'out_field':'probhist'"
"probhist2-acc","AccHistogram","probhist2","'in_field':'probhist','out_field':'probsum'"
"probhist2-render","renderers.Mollview","probhist2-acc","'on':['report'],'in_field':'probsum','title':'Weighted MC trials','units':'weights','range':(0,),'coord':['C'],'filename':'[png_pattern]','scriptname':'[py_pattern]'"
"point2-CL","Chi2CL","point2","'in_field':'map', 'in_ndof_field':'ndof', 'out_field':'clmap'"
"targetCL2","ops.FillHist1D","point2-CL","'in_field':('clmap',$PIXEL16), 'out_field':'histcl','nbins':100,'xlow':0.0,'xhigh':1.0"
"targetCL2-render","renderers.Hist1D","targetCL2","'on':['report'],'in_field':'histcl','title':'Pixel $PIXEL16 CL','xlabel':'CL','ylabel':'entries','filename':'[png_pattern]','scriptname':'[py_pattern]'"
,,,,,
,,,,,"sample skymaps from first five trials"
,,,,,
"filter2","FilterValue","point2","'in_field':'trial_id','op':'<','value':5"
"prob2","Chi2Prob","filter2","'in_field':'map', 'in_ndof_field':'ndof', 'out_field':'probmap'"
,,,,,"prob-out","Pass","prob","'line':1, 'dump':1"
"probmap2","renderers.Mollview","prob2","'in_field':'probmap', 'title':'DiffPointing', 'units':'probability', 'coord':['C'], 'filename':'[png_pattern]', 'scriptname':'[py_pattern]'"
"fits2","renderers.FitsSkymap","prob2","'in_field':'probmap', 'filename':'[fits_pattern]'"
"conf2","Chi2CL","filter2","'in_field':'map', 'in_ndof_field':'ndof', 'out_field':'clmap'"
,,,,,"conf-out","Pass","conf","'line':1, 'dump':1"
"confmap2","renderers.Mollview","conf2","'in_field':'clmap', 'title':'DiffPointing', 'units':'CL', 'range':(0,1), 'coord':['C'], 'filename':'[png_pattern]', 'scriptname':'[py_pattern]'"
"conffits2","renderers.FitsSkymap","conf2","'in_field':'clmap', 'filename':'[fits_pattern]'"
,,,,,
,,,,,"pointing with nside=8 and uncorrected time differences"
,,,,,
"pointbad","DiffPointing","diff1,diff2,diff3","'detector_location':'snewpdag/data/detector_location.csv','nside':8,'min_dts':3,'dt_field_name':'delta'"
"Countbad","HistogramSkymap","pointbad","'nside':8, 'in_field':'map_zeroes', 'out_field':'hist', 'out_err_field':'histerr'"
"Countbad-out","Pass","Countbad","'line':1, 'dump':1"
"skymapbad","renderers.Mollview","Countbad","'on':['report'], 'in_field':'hist', 'title':'DiffPointing min chi2 counts', 'units':'Counts', 'range':(0,), 'coord':['C'], 'filename':'[png_pattern]', 'scriptname':'[py_pattern]'"
,,,,,"fits","renderers.FitsSkymap","Countbad","'in_field':'clmap', 'filename':'[fits_pattern]'"
"pointbad-CL","Chi2CL","pointbad","'in_field':'map', 'in_ndof_field':'ndof', 'out_field':'clmap', 'out_area_field':'areas'"
"targetCLbad","ops.FillHist1D","pointbad-CL","'in_field':('clmap',$PIXEL8), 'out_field':'histcl','nbins':100,'xlow':0.0,'xhigh':1.0"
"targetCLbad-render","renderers.Hist1D","targetCLbad","'on':['report'],'in_field':'histcl','title':'Pixel $PIXEL8 CL','xlabel':'CL','ylabel':'entries','filename':'[png_pattern]','scriptname':'[py_pattern]'"
,,,,,
